material_code,material_description,uom,material_type,size,material_grade,pressure_rating,standard,technical_specification
BHEL-0001,PIPE DN150 A106 GR.B SCH40 SEAMLESS,M,Pipe,DN150,A106 GR.B,N/A,ASME B36.10,SCH40 SEAMLESS
BHEL-0002,BALL VALVE DN75 SS 304 CL.300 FLANGED,NO,Ball Valve,DN75,SS 304,CL.300,API 6D,FLANGED
BHEL-0003,"TEE EQUAL 6"" A106 GR.B BW",NOS,Tee Equal,"6""",A106 GR.B,N/A,ASME B16.9,BW
BHEL-0004,Plug Valve 3 In Cast Iron Class 150 Lubricated,NOS,Plug Valve,3 IN,CAST IRON,CLASS 150,API 599,LUBRICATED
BHEL-0005,Slip Ring Motor 3Ph Tefc 415V 50Hz,NOS,Slip Ring Motor,N/A,3PH,N/A,IS 325,TEFC 415V 50HZ
BHEL-0006,Spherical Roller Bearing Chromium Alloy Steel 22218,NO,Spherical Roller Bearing,N/A,CHROMIUM ALLOY STEEL,N/A,ISO 492,22218
BHEL-0007,CHECK VALVE 4 INCH CAST CARBON STEEL WCB 300# SWING,NOS,Check Valve,4 INCH,CAST CARBON STEEL WCB,300#,API 594,SWING
BHEL-0008,Pipe Dn50 Ss 316 Sch10S Seamless,METER,Pipe,DN50,SS 316,N/A,ASME B36.19,SCH10S SEAMLESS
BHEL-0009,COUPLING FORGED CARBON STEEL A105 2 IN THREADED,EACH,Coupling,2 IN,FORGED CARBON STEEL A105,N/A,ASME B16.11,THREADED
BHEL-0010,SUBMERSIBLE PUMP SS 304 VERTICAL,ST,Submersible Pump,N/A,SS 304,N/A,IS 9283,VERTICAL
BHEL-0011,PIPE 4 IN SCH40 SEAMLESS A106GRB,MTR,Pipe,4 IN,A106GRB,N/A,ASME B36.10,SCH40 SEAMLESS
BHEL-0012,DEEP GROOVE BALL BEARING CHROME STL 6205,EA,Deep Groove Ball Bearing,N/A,CHROME STL,N/A,ISO 15,6205
BHEL-0013,ELBOW 90 DEG DN 100 BW LR A106 GR.B,EACH,Elbow 90 Deg,DN 100,A106 GR.B,N/A,ASME B16.9,BW LR
BHEL-0014,Pipe 10 In Sch40 Erw M.S.,MTRS,Pipe,10 IN,M.S.,N/A,IS 1239,SCH40 ERW
BHEL-0015,Needle Bearing Chromium Alloy Steel Na6910,EACH,Needle Bearing,N/A,CHROMIUM ALLOY STEEL,N/A,ISO 1206,NA6910
BHEL-0016,GATE VALVE 6 INCH CLASS 150 ASTM A216 WCB RF,EA,Gate Valve,6 INCH,ASTM A216 WCB,CLASS 150,API 600,RF
BHEL-0017,GLOBE VALVE DN100 STAINLESS STEEL 316 300# RTJ,NO,Globe Valve,DN100,STAINLESS STEEL 316,300#,ASME B16.34,RTJ
BHEL-0018,Taper Roller Bearing Chromium Alloy Steel 30208,EACH,Taper Roller Bearing,N/A,CHROMIUM ALLOY STEEL,N/A,ISO 355,30208
BHEL-0019,INDUCTION MOTOR 3-PHASE TEFC 415V 50HZ,EA,Induction Motor,N/A,3-PHASE,N/A,IS 325,TEFC 415V 50HZ
BHEL-0020,BALL VALVE 2 INCH SS 316 150# SCRD,NO,Ball Valve,2 INCH,SS 316,150#,ASME B16.34,SCRD
BHEL-0021,BALL VALVE DN 100 CS CLASS 150 RF,EACH,Ball Valve,DN 100,CS,CLASS 150,ASME B16.34,RF
BHEL-0022,BALL V/V 4 INCH SS316 RF CLASS150,EACH,Ball Valve,4 INCH,SS316,CLASS150,ASME B16.34,RF
BHEL-0023,Globe Valve Dn100 Stainless Steel 316 300# Rtj,EACH,Globe Valve,DN100,STAINLESS STEEL 316,300#,ASME B16.5,RTJ
BHEL-0024,GLOBE VALVE 4 IN SS316 CLASS 300 RTJ,EACH,Globe Valve,4 IN,SS316,CLASS 300,ASME B16.5,RTJ
BHEL-0025,CHECK VALVE DN 75 SS316 150# WAFER,EA,Check Valve,DN 75,SS316,150#,API 594,WAFER
BHEL-0026,CHECK VALVE DN 75 CL150 CI WAFER,NO,Check Valve,DN 75,CI,CL150,API 594,WAFER
BHEL-0027,Pipe Dn100 Sch40 Seamless A106 Gr.B,METER,Pipe,DN100,A106 GR.B,N/A,ASME B36.10,SCH40 SEAMLESS
BHEL-0028,PIPE DN 50 STAINLESS STEEL 316 SCH40S SEAMLESS,M,Pipe,DN 50,STAINLESS STEEL 316,N/A,ASME B36.19,SCH40S SEAMLESS
BHEL-0029,GEAR PUMP C.S. ROTARY,ST,Gear Pump,N/A,C.S.,N/A,API 676,ROTARY
BHEL-0030,INDUCTION MOTOR 3 PHASE TEFC 415V 50HZ,NO,Induction Motor,N/A,3 PHASE,N/A,IS 325,TEFC 415V 50HZ
BHEL-0031,INDUCTION MOTOR 3PH WPI 415V 50HZ,EA,Induction Motor,N/A,3PH,N/A,IS 325,WPI 415V 50HZ
BHEL-0032,INDUCTION MOTOR THREE PHASE TEFC 415V 50HZ,NOS,Induction Motor,N/A,THREE PHASE,N/A,IS 325,TEFC 415V 50HZ
BHEL-0033,INDUCTION MOTOR 3 PHASE TEFC 415V 50HZ,NO,Induction Motor,N/A,3 PHASE,N/A,IS 325,TEFC 415V 50HZ
BHEL-0034,DEEP GROOVE BALL BEARING CHR STEEL 6205,NOS,Deep Groove Ball Bearing,N/A,CHR STEEL,N/A,ISO 15,6205
BHEL-0035,DEEP GROOVE BALL BEARING CHR STEEL 6305,NO,Deep Groove Ball Bearing,N/A,CHR STEEL,N/A,ISO 15,6305
BHEL-0036,COUPLING 2 IN FORGED CARBON STEEL A105 THREADED,NO,Coupling,2 IN,FORGED CARBON STEEL A105,N/A,ASME B16.11,THREADED
BHEL-0037,Coupling 4 In A105 Threaded,NOS,Coupling,4 IN,A105,N/A,ASME B16.11,THREADED
BHEL-0038,ANGLE VLV 2 INCH SS316 SW CLASS 150,EACH,Angle Valve,2 INCH,SS316,CLASS 150,ASME B16.34,SW
BHEL-0039,"KNIFE GATE VALVE DUCTILE IRON 8"" CL.150 WAFER",NOS,Knife Gate Valve,"8""",DUCTILE IRON,CL.150,MSS SP-81,WAFER
BHEL-0040,Y-Strainer Valve Dn75 Cs Flanged Class150,NOS,Y-Strainer Valve,DN75,CS,CLASS150,ASME B16.34,FLANGED
BHEL-0041,PIPE 12 IN A106 GR.B SCH20 SEAMLESS,MTRS,Pipe,12 IN,A106 GR.B,N/A,ASME B36.10,SCH20 SEAMLESS
BHEL-0042,Metering Pump Ss 316 Diaphragm Type Ss316 Wetted,SET,Metering Pump,N/A,SS 316,N/A,API 675,DIAPHRAGM TYPE SS316 WETTED
BHEL-0043,SYNCHRONOUS MOTOR 3PH TEFC 415V 50HZ,NO,Synchronous Motor,N/A,3PH,N/A,IS 4029,TEFC 415V 50HZ
BHEL-0044,CABLE GLAND SS316 DOUBLE COMPRESSION,NO,Cable Gland,N/A,SS316,N/A,IS 2148,DOUBLE COMPRESSION
BHEL-0045,JUNCTION BOX 316 SS FLAMEPROOF,NOS,Junction Box,N/A,316 SS,N/A,IS/IEC 60079,FLAMEPROOF
BHEL-0046,PIPE SEAMLESS CS PIPE A106 GRADE B 6 INCH SCH40 SEAMLESS,MTR,Pipe,6 INCH,SEAMLESS CS PIPE A106 GRADE B,N/A,ASME B36.10,SCH40 SEAMLESS
BHEL-0047,Pipe 6 Inch Sch40 Seamless Seamless Cs Pipe A106 Grade B,METER,Pipe,6 INCH,SEAMLESS CS PIPE A106 GRADE B,N/A,ASME B36.10,SCH40 SEAMLESS
BHEL-0048,SUBMERSIBLE PUMP SS304 VERTICAL,SET(S),Submersible Pump,N/A,SS304,N/A,IS 9283,VERTICAL
BHEL-0049,SUBMERSIBLE PUMP SS304 VERTICAL,SETS,Submersible Pump,N/A,SS304,N/A,IS 9283,VERTICAL
BHEL-0050,BALL VALVE DN 100 C.S. CLASS150 RF,EACH,Ball Valve,DN 100,C.S.,CLASS150,ASME B16.34,RF
BHEL-0051,SLIP RING MOTOR 3-PHASE TEFC 415V 50HZ,EACH,Slip Ring Motor,N/A,3-PHASE,N/A,IS 325,TEFC 415V 50HZ
BHEL-0052,Terminal Block Pc 600V Rated,NO,Terminal Block,N/A,PC,N/A,IS 13947,600V RATED
BHEL-0053,Induction Motor 3 Phase Flameproof 415V 50Hz,EACH,Induction Motor,N/A,3 PHASE,N/A,IS 325,FLAMEPROOF 415V 50HZ
BHEL-0054,TERMINAL BLOCK PC 600V RATED,EA,Terminal Block,N/A,PC,N/A,IS 13947,600V RATED
BHEL-0055,BOOSTER PUMP CI MULTISTAGE,SET,Booster Pump,N/A,CI,N/A,IS 9137,MULTISTAGE
BHEL-0056,TEE REDUCING DN100 SEAMLESS CS PIPE A106 GRADE B BW,EA,Tee Reducing,DN100,SEAMLESS CS PIPE A106 GRADE B,N/A,ASME B16.9,BW
BHEL-0057,PISTON VALVE 1 INCH SS 316 CLASS300 SCRD,EA,Piston Valve,1 INCH,SS 316,CLASS300,ASME B16.34,SCRD
BHEL-0058,Thrust Bearing Chrome Stl 51110,NOS,Thrust Bearing,N/A,CHROME STL,N/A,ISO 104,51110
BHEL-0059,Screw Pump Cs Twin Screw,SET(S),Screw Pump,N/A,CS,N/A,API 676,TWIN SCREW
BHEL-0060,Piston V/V 1 In Stainless Steel 316 Class300 Scrd,EA,Piston Valve,1 IN,STAINLESS STEEL 316,CLASS300,ASME B16.34,SCRD
BHEL-0061,PIPE DN 400 MILD STEEL SCH20 ERW,MTR,Pipe,DN 400,MILD STEEL,N/A,IS 1239,SCH20 ERW
BHEL-0062,THRUST BEARING CHROME STL 51110,EACH,Thrust Bearing,N/A,CHROME STL,N/A,ISO 104,51110
BHEL-0063,THRUST BEARING CHR STEEL 51110,EA,Thrust Bearing,N/A,CHR STEEL,N/A,ISO 104,51110
BHEL-0064,SCREW PUMP C.S. TWIN SCREW,SETS,Screw Pump,N/A,C.S.,N/A,API 676,TWIN SCREW
BHEL-0065,"TEE REDUCING 4"" SEAMLESS CS PIPE A106 GRADE B BW",EA,Tee Reducing,"4""",SEAMLESS CS PIPE A106 GRADE B,N/A,ASME B16.9,BW
BHEL-0066,PISTON VALVE DN25 316 SS CLASS300 SCRD,NOS,Piston Valve,DN25,316 SS,CLASS300,ASME B16.34,SCRD
BHEL-0067,SCREW PUMP C.S. TWIN SCREW,ST,Screw Pump,N/A,C.S.,N/A,API 676,TWIN SCREW
BHEL-0068,BOOSTER PUMP C.I. MULTISTAGE,SET(S),Booster Pump,N/A,C.I.,N/A,IS 9137,MULTISTAGE
BHEL-0069,SCREW PUMP CS TWIN SCREW,SET(S),Screw Pump,N/A,CS,N/A,API 676,TWIN SCREW
BHEL-0070,INDUCTION MOTOR 3PH FLAMEPROOF 415V 50HZ,NO,Induction Motor,N/A,3PH,N/A,IS 325,FLAMEPROOF 415V 50HZ
BHEL-0071,INDUCTION MOTOR THREE PHASE FLAMEPROOF 415V 50HZ,EA,Induction Motor,N/A,THREE PHASE,N/A,IS 325,FLAMEPROOF 415V 50HZ
BHEL-0072,"Union Forged Carbon Steel A105 2"" Threaded",NO,Union,"2""",FORGED CARBON STEEL A105,N/A,ASME B16.11,THREADED
BHEL-0073,ANGULAR CONTACT BEARING CHR STEEL 7208,NOS,Angular Contact Bearing,N/A,CHR STEEL,N/A,ISO 15,7208
BHEL-0074,Induction Motor 3Ph Flameproof 415V 50Hz,EA,Induction Motor,N/A,3PH,N/A,IS 325,FLAMEPROOF 415V 50HZ
BHEL-0075,Induction Motor 3 Phase Flameproof 415V 50Hz,EACH,Induction Motor,N/A,3 PHASE,N/A,IS 325,FLAMEPROOF 415V 50HZ
BHEL-0076,Induction Motor Three Phase Flameproof 415V 50Hz,EA,Induction Motor,N/A,THREE PHASE,N/A,IS 325,FLAMEPROOF 415V 50HZ
BHEL-0077,"TEE REDUCING 4"" BW A-106 GR B",EACH,Tee Reducing,"4""",A-106 GR B,N/A,ASME B16.9,BW
BHEL-0078,"UNION 2"" ASTM A105 THREADED",NOS,Union,"2""",ASTM A105,N/A,ASME B16.11,THREADED
BHEL-0079,PISTON VALVE DN 25 316 SS 300# SCRD,NOS,Piston Valve,DN 25,316 SS,300#,ASME B16.34,SCRD
BHEL-0080,Solenoid Vlv 0.5 In Cl.800 316 Ss Npt,NO,Solenoid Valve,0.5 IN,316 SS,CL.800,NAMUR,NPT
BHEL-0081,THRUST BEARING CHROME STL 51110,NOS,Thrust Bearing,N/A,CHROME STL,N/A,ISO 104,51110
BHEL-0082,TERMINAL BLOCK PC 600V RATED,NOS,Terminal Block,N/A,PC,N/A,IS 13947,600V RATED
BHEL-0083,Union Forged Carbon Steel A105 2 Inch Threaded,EA,Union,2 INCH,FORGED CARBON STEEL A105,N/A,ASME B16.11,THREADED
BHEL-0084,TERMINAL BLOCK PC 600V RATED,EA,Terminal Block,N/A,PC,N/A,IS 13947,600V RATED
BHEL-0085,SOLENOID VALVE SS316 DN12 CL.800 NPT,NOS,Solenoid Valve,DN12,SS316,CL.800,NAMUR,NPT
BHEL-0086,INDUCTION MOTOR 3 PHASE FLAMEPROOF 415V 50HZ,EA,Induction Motor,N/A,3 PHASE,N/A,IS 325,FLAMEPROOF 415V 50HZ
BHEL-0087,PIPE 14 INCH A106 GR.B SCH30 SEAMLESS,MTRS,Pipe,14 INCH,A106 GR.B,N/A,ASME B36.10,SCH30 SEAMLESS
BHEL-0088,Needle Vlv 0.5 In Ss316 Class 6000 Npt,NO,Needle Valve,0.5 IN,SS316,CLASS 6000,ASME B16.34,NPT
BHEL-0089,PISTON VALVE 1 IN SS 316 SCRD 300#,NOS,Piston Valve,1 IN,SS 316,300#,ASME B16.34,SCRD
BHEL-0090,THRUST BEARING CHROME STEEL 51110,EACH,Thrust Bearing,N/A,CHROME STEEL,N/A,ISO 104,51110
BHEL-0091,UNION DN50 A105 THREADED,NO,Union,DN50,A105,N/A,ASME B16.11,THREADED
BHEL-0092,Induction Motor 3-Phase Flameproof 415V 50Hz,EACH,Induction Motor,N/A,3-PHASE,N/A,IS 325,FLAMEPROOF 415V 50HZ
BHEL-0093,NEEDLE VALVE DN 12 316 SS CLASS 6000 NPT,NOS,Needle Valve,DN 12,316 SS,CLASS 6000,ASME B16.34,NPT
BHEL-0094,FOOT VALVE CAST IRON 4 IN CLASS150 FLANGED,NOS,Foot Valve,4 IN,CAST IRON,CLASS150,IS 4038,FLANGED
BHEL-0095,ANGULAR CONTACT BEARING CHROME STEEL 7208,EA,Angular Contact Bearing,N/A,CHROME STEEL,N/A,ISO 15,7208
BHEL-0096,PIPE DN 400 MILD STEEL SCH20 ERW,MTR,Pipe,DN 400,MILD STEEL,N/A,IS 1239,SCH20 ERW
BHEL-0097,UNION DN50 THREADED ASTM A105,EA,Union,DN50,ASTM A105,N/A,ASME B16.11,THREADED
BHEL-0098,SCREW PUMP CS TWIN SCREW,SET(S),Screw Pump,N/A,CS,N/A,API 676,TWIN SCREW
BHEL-0099,Union Dn50 A105 Threaded,NOS,Union,DN50,A105,N/A,ASME B16.11,THREADED
BHEL-0100,TEE REDUCING 4 INCH A106GRB BW,EA,Tee Reducing,4 INCH,A106GRB,N/A,ASME B16.9,BW
